Newsletter Theme,Generated Content,Approval Status,Publish Timestamp,Notes,System Log
"Week 1: Navigating the 15-Year Career Mark: When to Stay vs. When to Move",,,,Week 1,
"Week 2: Salary Negotiation Strategies for Mid-Career Professionals in 2024",,,,Week 2,
"Week 3: Building Your Safety Net: Financial Planning for Career Transitions",,,,Week 3,
"Week 4: The Hidden Job Market: How Senior Professionals Find Opportunities",,,,Week 4,
"Week 5: Leadership Without a Title: Influencing as an Individual Contributor",,,,Week 5,
"Week 6: Stock Options, ESOPs, and RSUs: Making Sense of Equity Compensation",,,,Week 6,
"Week 7: Managing Up: Building Better Relationships with Your Manager",,,,Week 7,
"Week 8: The Sabbatical Strategy: Taking Career Breaks Without Falling Behind",,,,Week 8,
"Week 9: Industry Switching at Mid-Career: Is It Worth the Risk?",,,,Week 9,
"Week 10: Tax Planning for High Earners: Beyond the Basics",,,,Week 10,
"Week 11: Building a Personal Board of Advisors for Career Growth",,,,Week 11,
"Week 12: The Side Hustle Question: When and How to Diversify Income",,,,Week 12,
"Week 13: Health Insurance After 40: What Coverage Do You Really Need?",,,,Week 13,
"Week 14: Office Politics at Senior Levels: Navigating Without Compromising",,,,Week 14,
"Week 15: The Freelance Transition: Moving from Employee to Independent",,,,Week 15,
"Week 16: Real Estate vs. Portfolio: Where Should Your Money Go?",,,,Week 16,
"Week 17: Managing Career Plateaus: What to Do When Growth Slows",,,,Week 17,
"Week 18: Networking in Your 40s: Building Relationships That Matter",,,,Week 18,
"Week 19: Should You Get That MBA? ROI Analysis for Mid-Career Professionals",,,,Week 19,
"Week 20: Retirement Planning in Your 40s: Starting Late but Smart",,,,Week 20,
"Week 21: The Boomerang Employee: Should You Return to a Former Employer?",,,,Week 21,
"Week 22: Managing Work-Life Integration (Not Balance) in Demanding Roles",,,,Week 22,
"Week 23: Building Thought Leadership: LinkedIn, Writing, and Speaking",,,,Week 23,
"Week 24: Understanding Layoffs: Protection Strategies for Senior Employees",,,,Week 24,
"Week 25: The Generational Shift: Working with Gen Z Colleagues",,,,Week 25,
"Week 26: Mid-Year Career Review: Are You On Track for Your Goals?",,,,Week 26,
"Week 27: International Opportunities: Should You Consider Working Abroad?",,,,Week 27,
"Week 28: The Consulting Option: When to Make the Leap",,,,Week 28,
"Week 29: Managing Career Growth with Family Responsibilities",,,,Week 29,
"Week 30: Skill Obsolescence: Future-Proofing Your Career in Tech",,,,Week 30,
"Week 31: The Politics of Promotion: Getting Ahead Without Selling Out",,,,Week 31,
"Week 32: Emergency Funds: How Much Should You Really Have?",,,,Week 32,
"Week 33: Personal Branding at Mid-Career: Standing Out in a Crowded Field",,,,Week 33,
"Week 34: The 4-Day Week: Exploring Alternative Work Arrangements",,,,Week 34,
"Week 35: Managing Stress in High-Pressure Roles",,,,Week 35,
"Week 36: Should You Start Your Own Business? Honest Assessment",,,,Week 36,
"Week 37: Inheritance and Windfall Management: Making Smart Decisions",,,,Week 37,
"Week 38: The Mentor-Mentee Relationship: Being Both Simultaneously",,,,Week 38,
"Week 39: Job Search Over 40: Strategies That Actually Work",,,,Week 39,
"Week 40: Understanding Organizational Change: Surviving Mergers and Acquisitions",,,,Week 40,
"Week 41: The Remote vs. Office Dilemma: Making the Right Choice",,,,Week 41,
"Week 42: Estate Planning Basics for Mid-Career Professionals",,,,Week 42,
"Week 43: Managing Burnout: Recognizing and Recovering from Career Fatigue",,,,Week 43,
"Week 44: The Portfolio Career: Juggling Multiple Professional Identities",,,,Week 44,
"Week 45: Year-End Performance Reviews: Maximizing Your Impact",,,,Week 45,
"Week 46: Insurance Needs in Your 40s: Life, Disability, and Critical Illness",,,,Week 46,
"Week 47: The Job Offer Negotiation: Beyond Just Salary",,,,Week 47,
"Week 48: Planning Your Career for the Next Decade",,,,Week 48,
"Week 49: Tax-Loss Harvesting and Year-End Financial Planning",,,,Week 49,
"Week 50: Setting Career Goals for the New Year",,,,Week 50,
"Week 51: The Holiday Slowdown: Strategic Planning During Downtime",,,,Week 51,
"Week 52: Reflecting on Career Growth: Annual Review Template",,,,Week 52,
